{
  "Shivam Sharma": 14.666666666666666,
  "KC Cariappa": 14,
  "Azhar Mahmood": 13.666666666666666,
  "SN Thakur": 12.666666666666666,
  "AB Dinda": 12.4,
  "JJ Bumrah": 12.266666666666667,
  "BB Sran": 11.666666666666666,
  "PP Ojha": 11.5,
  "SA Abbott": 11.4,
  "I Sharma": 11.357142857142858
}
